City_ID,City,Lat,Lng,Max Temp,Humidity,Cloudiness,Wind Speed,Country,Date
0,puerto ayora,-0.7393,-90.3518,30.98,87,75,3.13,EC,1680370947
1,sitka,57.0531,-135.33,2.94,75,40,0.0,US,1680370948
2,albany,42.6001,-73.9662,19.82,60,72,2.24,US,1680370948
3,constitucion,-35.3333,-72.4167,22.32,47,65,7.23,CL,1680370948
4,rikitea,-23.1203,-134.9692,26.61,80,35,6.37,PF,1680370948
5,ponta do sol,32.6667,-17.1,24.84,68,15,3.24,PT,1680370948
6,zhanaozen,43.3,52.8,6.01,86,100,6.54,KZ,1680370949
7,saskylakh,71.9167,114.0833,-10.52,92,100,7.35,RU,1680370949
8,tiksi,71.6872,128.8694,-19.28,84,24,9.66,RU,1680370949
9,eusebio ayala,-25.4,-56.9667,33.22,42,38,1.93,PY,1680370950
10,cherskiy,68.75,161.3,-33.75,100,99,0.26,RU,1680370950
11,malpe,13.35,74.7167,26.61,80,15,2.02,IN,1680370950
12,barrow,71.2906,-156.7887,-15.99,92,100,0.0,US,1680370951
13,hilo,19.7297,-155.09,25.71,88,100,2.06,US,1680370951
14,nemuro,43.3236,145.575,0.69,86,23,8.58,JP,1680370737
15,avarua,-21.2078,-159.775,25.03,94,75,1.54,CK,1680370952
16,teguldet,57.3064,88.1667,-13.07,95,87,1.43,RU,1680370952
17,egvekinot,66.3167,-179.1667,-12.25,95,100,3.47,RU,1680370953
18,busselton,-33.65,115.3333,17.68,80,0,5.77,AU,1680370953
19,vardo,70.3705,31.1107,-2.01,86,100,13.38,NO,1680370953
20,dajabon,19.5488,-71.7083,35.37,18,0,6.5,DO,1680370953
21,hualmay,-11.0964,-77.6139,26.0,75,97,3.74,PE,1680370732
22,quatre cocos,-20.2078,57.7625,26.72,72,31,6.77,MU,1680370954
23,glendive,47.1053,-104.7125,5.98,70,0,5.66,US,1680370954
24,umm kaddadah,13.6017,26.6876,24.06,10,91,5.32,SD,1680370954
25,rawson,-43.3002,-65.1023,25.31,27,83,10.0,AR,1680370853
26,batagay,67.6333,134.6333,-31.72,100,92,0.88,RU,1680370955
27,ushuaia,-54.8,-68.3,7.81,66,0,2.57,AR,1680370955
28,marzuq,14.4,46.4667,23.85,70,97,2.83,YE,1680370955
29,talaya,61.3833,152.75,-14.27,98,90,1.59,RU,1680370956
30,mar del plata,-38.0023,-57.5575,20.46,55,0,3.6,AR,1680370956
31,yellowknife,62.456,-114.3525,-14.71,66,100,8.75,CA,1680370956
32,chuy,-33.6971,-53.4616,21.22,49,23,6.02,UY,1680370956
33,maryborough,-25.5333,152.7,18.89,67,100,1.51,AU,1680370957
34,pacific grove,36.6177,-121.9166,14.68,63,0,4.02,US,1680370957
35,tuktoyaktuk,69.4541,-133.0374,-24.0,70,20,4.63,CA,1680370957
36,punta arenas,-53.15,-70.9167,10.06,57,75,11.83,CL,1680370694
37,new norfolk,-42.7826,147.0587,11.72,78,100,0.45,AU,1680370958
38,faanui,-16.4833,-151.75,27.75,73,47,2.38,PF,1680370958
39,yulara,-25.2406,130.9889,15.83,79,79,3.3,AU,1680370958
40,jaque,7.5175,-78.1703,27.34,79,86,0.99,PA,1680370958
41,mount gambier,-37.8333,140.7667,8.95,85,44,0.34,AU,1680370959
42,bethel,41.3712,-73.414,19.08,85,100,5.66,US,1680370713
43,pangnirtung,66.1451,-65.7125,-12.0,48,75,2.06,CA,1680370959
44,qaanaaq,77.484,-69.3632,-22.8,75,8,1.37,GL,1680370959
45,lagoa,39.05,-27.9833,16.01,87,100,9.06,PT,1680370959
46,mnogovershinnyy,53.9353,139.9242,-3.94,89,19,2.6,RU,1680370960
47,kot samaba,28.5522,70.4684,27.4,37,49,1.66,PK,1680370960
48,east london,-33.0153,27.9116,22.52,78,75,3.09,ZA,1680370960
49,chandler,33.3062,-111.8412,23.36,29,53,0.89,US,1680370693
50,jamestown,42.097,-79.2353,17.8,36,0,9.77,US,1680370960
51,vaini,-21.2,-175.2,25.09,94,20,3.09,TO,1680370960
52,kapaa,22.0752,-159.319,22.18,94,100,3.6,US,1680370960
53,port elizabeth,-33.918,25.5701,19.62,74,0,3.09,ZA,1680370855
54,salalah,17.0151,54.0924,28.05,78,40,3.6,OM,1680370961
55,arraial do cabo,-22.9661,-42.0278,28.98,70,20,6.17,BR,1680370961
56,mahebourg,-20.4081,57.7,26.81,78,20,2.57,MU,1680370961
57,khatanga,71.9667,102.5,-6.82,93,100,10.16,RU,1680370961
58,tuatapere,-46.1333,167.6833,11.72,99,68,1.72,NZ,1680370961
59,hobart,-42.8794,147.3294,11.92,79,99,0.89,AU,1680370962
60,nago,26.5881,127.9761,20.25,83,81,8.19,JP,1680370962
61,bluff,-46.6,168.3333,13.22,86,48,7.11,NZ,1680370962
62,anadyr,64.75,177.4833,-14.44,84,19,10.0,RU,1680370962
63,kaitangata,-46.2817,169.8464,11.63,88,100,4.55,NZ,1680370962
64,poum,-20.2333,164.0167,25.71,75,2,1.78,NC,1680370962
65,kamaishi,39.2667,141.8833,3.75,92,1,0.97,JP,1680370962
66,uribia,11.7139,-72.266,30.91,50,66,9.56,CO,1680370962
67,wajima,37.4,136.9,9.15,69,0,8.04,JP,1680370693
68,santa cruz,-17.8,-63.1667,29.03,70,75,6.69,BO,1680370963
69,kainantu,-6.2887,145.8655,15.3,98,100,0.71,PG,1680370963
70,vanavara,60.34,102.2797,-24.09,100,36,1.31,RU,1680370963
71,georgetown,5.4112,100.3354,28.96,83,20,1.54,MY,1680370829
72,bonthe,7.5264,-12.505,28.45,70,70,5.05,SL,1680370589
73,iqaluit,63.7506,-68.5145,-11.15,72,100,3.6,CA,1680370964
74,husavik,66.0449,-17.3389,3.06,87,82,4.36,IS,1680370964
75,fortuna,40.5982,-124.1573,11.63,85,100,1.34,US,1680370964
76,victoria,22.2855,114.1577,22.19,92,100,4.92,HK,1680370671
77,katobu,-4.9408,122.5276,23.85,95,97,0.97,ID,1680370964
78,behshahr,36.6923,53.5526,7.97,88,100,3.58,IR,1680370965
79,portland,45.5234,-122.6762,7.69,89,100,4.92,US,1680370637
80,cidreira,-30.1811,-50.2056,22.39,51,8,4.82,BR,1680370965
81,kodiak,57.79,-152.4072,0.73,55,0,10.8,US,1680370965
82,sturgeon falls,46.3646,-79.9326,1.14,93,100,7.32,CA,1680370965
83,nyurba,63.2842,118.3319,-24.35,99,40,1.89,RU,1680370965
84,ostrovnoy,68.0531,39.5131,-1.04,68,70,6.33,RU,1680370966
85,pisco,-13.7,-76.2167,25.57,83,0,3.6,PE,1680370966
86,hengshui,37.7322,115.7011,13.73,61,2,3.75,CN,1680370966
87,mataura,-46.1927,168.8643,13.04,95,56,1.98,NZ,1680370966
88,san joaquin,37.9333,-121.3011,15.86,57,0,2.57,US,1680370966
89,aleksandrov gay,50.147,48.5704,7.31,67,100,3.42,RU,1680370966
90,clyde river,70.4692,-68.5914,-20.87,77,0,6.17,CA,1680370817
91,coquimbo,-29.9533,-71.3436,18.85,77,75,4.12,CL,1680370967
92,ballina,-28.8667,153.5667,15.43,89,17,2.97,AU,1680370967
93,talnakh,69.4865,88.3972,-8.79,94,100,8.33,RU,1680370841
94,hithadhoo,-0.6,73.0833,28.07,70,76,2.22,MV,1680370967
95,chokurdakh,70.6333,147.9167,-32.49,100,96,3.11,RU,1680370967
96,longyearbyen,78.2186,15.6401,-12.09,67,75,5.14,SJ,1680370967
97,mattru,7.6244,-11.8332,30.15,59,41,4.0,SL,1680370967
98,ribeira grande,38.5167,-28.7,19.22,82,40,8.05,PT,1680370967
99,paredon,16.0333,-93.8667,34.05,44,85,4.95,MX,1680370968
100,beringovskiy,63.05,179.3167,-7.97,65,75,10.72,RU,1680370968
101,craigieburn,-37.6,144.95,11.73,87,40,2.57,AU,1680370968
102,lianzhou,24.7811,112.3825,18.84,98,72,1.13,CN,1680370968
103,ermelo,-26.5333,29.9833,13.8,78,21,3.36,ZA,1680370968
104,mount isa,-20.7333,139.5,24.87,36,100,4.12,AU,1680370968
105,ritchie,-29.038,24.6028,21.56,28,17,3.52,ZA,1680370968
106,esperance,-33.8667,121.9,17.91,80,100,4.21,AU,1680370968
107,san policarpo,12.1791,125.5072,26.03,80,56,1.4,PH,1680370969
108,ahipara,-35.1667,173.1667,19.12,87,100,0.98,NZ,1680370969
109,cairns,-16.9167,145.7667,25.04,97,79,0.0,AU,1680370969
110,bilma,18.6853,12.9164,26.86,5,88,3.37,NE,1680370970
111,cape town,-33.9258,18.4232,19.39,78,0,6.26,ZA,1680370454
112,nanakuli,21.3906,-158.1547,24.14,88,0,2.06,US,1680370970
113,castro,-24.7911,-50.0119,24.15,71,10,2.26,BR,1680370970
114,vila velha,-20.3297,-40.2925,30.97,62,20,6.69,BR,1680370803
115,port alfred,-33.5906,26.891,21.21,85,1,1.34,ZA,1680370971
116,axim,4.8699,-2.2405,27.93,76,27,3.83,GH,1680370971
117,samarai,-10.6167,150.6667,27.48,77,100,4.07,PG,1680370971
118,kadoma,34.7333,135.5833,13.99,43,92,3.6,JP,1680370971
119,hermanus,-34.4187,19.2345,18.22,68,0,3.48,ZA,1680370972
120,calarasi,47.2544,28.3081,11.44,77,100,3.35,MD,1680370972
121,palmer,42.1584,-72.3287,15.18,92,100,4.9,US,1680370708
122,nanortalik,60.1432,-45.2371,-1.44,71,62,3.11,GL,1680370972
123,dikson,73.5069,80.5464,-9.58,95,100,5.89,RU,1680370972
124,konstantinovka,49.6167,127.9833,9.03,50,100,3.74,RU,1680370972
125,nikolskoye,59.7035,30.7861,0.94,95,100,2.5,RU,1680370972
126,laguna,38.421,-121.4238,14.78,64,66,1.34,US,1680370972
127,ancud,-41.8697,-73.8203,14.08,82,79,3.59,CL,1680370972
128,tasiilaq,65.6145,-37.6368,0.09,81,99,2.94,GL,1680370973
129,byron bay,-28.65,153.6167,15.39,99,16,1.46,AU,1680370965
130,sholapur,17.6833,75.9167,30.32,16,39,3.17,IN,1680370973
131,thompson,55.7435,-97.8558,-10.91,48,20,3.6,CA,1680370748
132,chimbote,-9.0853,-78.5783,27.6,70,95,4.7,PE,1680370973
133,wanning,18.8003,110.3967,24.47,92,16,3.62,CN,1680370973
134,half moon bay,37.4636,-122.4286,15.5,64,0,3.6,US,1680370973
135,te anau,-45.4167,167.7167,12.09,99,94,1.83,NZ,1680370973
136,rodeo,38.033,-122.2669,15.36,69,0,2.57,US,1680370973
137,kidal,18.4411,1.4078,30.89,6,10,4.15,ML,1680370974
138,cabo san lucas,22.8909,-109.9124,28.67,64,75,4.12,MX,1680370778
139,filadelfia,39.9523,-75.1638,20.23,85,100,6.17,US,1680370744
140,severo-kurilsk,50.6789,156.125,-0.24,84,8,6.19,RU,1680370974
141,bijar,35.8668,47.6051,-1.32,60,47,5.21,IR,1680370974
142,statesboro,32.4488,-81.7832,26.89,61,75,5.14,US,1680370974
143,ramachandrapuram,16.85,82.0167,25.44,86,46,1.23,IN,1680370974
144,mutoko,-17.397,32.2268,17.91,67,97,3.36,ZW,1680370974
145,norman wells,65.282,-126.8329,-12.98,78,100,1.03,CA,1680370974
146,pontal do parana,-25.6533,-48.5128,25.55,82,82,3.61,BR,1680370974
147,nouakchott,18.0858,-15.9785,39.96,40,0,4.7,MR,1680370974
148,deep river,46.1001,-77.4995,1.64,97,100,1.79,CA,1680370974
149,kasongo-lunda,-6.4667,16.8167,22.54,93,100,0.57,CD,1680370975
150,makakilo city,21.3469,-158.0858,23.34,85,0,2.06,US,1680370976
151,lukulu,-14.3707,23.242,19.79,88,100,2.41,ZM,1680370977
152,grand-lahou,5.1367,-5.0242,27.64,76,100,2.61,CI,1680370977
153,kavieng,-2.5744,150.7967,26.66,83,100,4.18,PG,1680370977
154,kontagora,10.3999,5.4695,33.19,9,20,1.53,NG,1680370977
155,sambava,-14.2667,50.1667,25.36,87,100,2.53,MG,1680370977
156,luwuk,-0.9516,122.7875,24.82,76,100,1.56,ID,1680370977
157,bolanos de calatrava,38.9069,-3.6635,19.82,44,40,8.23,ES,1680370962
158,phibun mangsahan,15.2447,105.2291,29.99,51,97,3.48,TH,1680370977
159,taltal,-25.4,-70.4833,22.77,74,25,2.02,CL,1680370977
160,upernavik,72.7868,-56.1549,-26.38,92,98,4.44,GL,1680370977
161,atuona,-9.8,-139.0333,26.89,78,79,7.14,PF,1680370977
162,lander,42.833,-108.7307,7.45,31,0,8.23,US,1680370978
163,mehamn,71.0357,27.8492,-2.05,80,100,11.32,NO,1680370978
164,tigil,57.8,158.6667,-2.77,93,95,4.57,RU,1680370978
165,grindavik,63.8424,-22.4338,5.26,87,75,12.86,IS,1680370978
166,ossora,59.2353,163.0719,-7.69,95,98,1.67,RU,1680370978
167,inta,66.0317,60.1659,0.7,98,100,7.7,RU,1680370978
168,manggar,-2.8833,108.2667,25.26,86,88,1.09,ID,1680370978
169,yar-sale,66.8333,70.8333,1.09,99,100,8.16,RU,1680370978
170,san francisco,37.7749,-122.4194,15.28,70,20,3.6,US,1680370789
171,cabedelo,-6.9811,-34.8339,30.37,65,84,5.0,BR,1680370978
172,oktyabrskiy,54.4815,53.471,2.45,94,100,1.56,RU,1680370979
173,saint george,37.1041,-113.5841,13.57,45,0,1.34,US,1680370979
174,baijiantan,45.6333,85.1833,-0.09,27,0,10.44,CN,1680370979
175,honiara,-9.4333,159.95,25.13,88,99,1.36,SB,1680370979
176,jawhar,2.7809,45.5005,27.69,65,98,7.27,SO,1680370979
177,kieta,-6.2167,155.6333,25.35,85,68,0.93,PG,1680370979
178,segou,13.4317,-6.2157,37.11,5,20,4.45,ML,1680370979
179,oslo,59.9127,10.7461,6.19,95,9,1.28,NO,1680370670
180,srednekolymsk,67.45,153.6833,-26.61,100,100,3.25,RU,1680370979
181,los llanos de aridane,28.6585,-17.9182,20.86,68,0,7.2,ES,1680370979
182,kyren,51.6828,102.1408,-12.11,80,88,1.52,RU,1680370980
183,tomaszow mazowiecki,51.5313,20.0086,8.09,10,100,5.4,PL,1680370980
184,madera,37.1666,-119.8343,16.1,74,27,1.71,US,1680370690
185,bambanglipuro,-7.95,110.2833,23.97,87,100,1.42,ID,1680370980
186,dandong,40.1292,124.3947,11.16,28,61,1.36,CN,1680370980
187,butaritari,3.0707,172.7902,27.3,75,100,5.16,KI,1680370980
188,katsuura,35.1333,140.3,13.49,85,100,2.87,JP,1680370980
189,provost,52.3501,-110.2683,-2.37,97,100,2.09,CA,1680370980
190,gushikawa,26.3544,127.8686,20.57,77,20,7.72,JP,1680370980
191,sao joao da barra,-21.6403,-41.0511,35.05,44,61,3.63,BR,1680370981
192,lasa,46.6166,10.7002,9.49,89,100,2.09,IT,1680370981
193,saldanha,-33.0117,17.9442,23.03,85,3,6.95,ZA,1680370981
194,yumen,40.2833,97.2,1.76,33,65,5.02,CN,1680370982
195,kawerau,-38.1,176.7,18.54,97,100,0.63,NZ,1680370982
196,nantucket,41.2835,-70.0995,11.19,98,100,12.35,US,1680370887
197,bredasdorp,-34.5322,20.0403,17.29,92,0,2.81,ZA,1680370983
198,portalegre,39.2938,-7.4312,15.66,76,89,4.6,PT,1680370684
199,presidencia roque saenz pena,-26.7852,-60.4388,30.82,43,15,2.74,AR,1680370984
200,dangriga,16.9692,-88.2321,27.72,66,33,6.8,BZ,1680370984
201,tual,-5.6667,132.75,27.51,76,100,1.75,ID,1680370985
202,havelock,34.8791,-76.9013,25.98,80,20,10.29,US,1680370771
203,araouane,18.9048,-3.5265,31.77,5,0,4.0,ML,1680370985
204,tocopilla,-22.092,-70.1979,24.2,76,33,2.71,CL,1680370985
205,urumqi,43.801,87.6005,-0.47,29,0,2.0,CN,1680370985
206,puno,-15.8333,-70.0333,11.75,51,74,4.73,PE,1680370765
207,fengzhen,40.4394,113.1536,9.01,73,61,6.12,CN,1680370986
208,paamiut,61.994,-49.6678,-3.83,58,99,4.69,GL,1680370986
209,sioux lookout,50.1001,-91.917,-1.96,31,20,1.54,CA,1680370908
210,port-gentil,-0.7193,8.7815,26.98,89,40,2.57,GA,1680370989
211,lompoc,34.6391,-120.4579,18.25,71,0,4.63,US,1680370990
212,naze,28.3667,129.4833,16.51,89,39,3.77,JP,1680370990
213,carnarvon,-24.8667,113.6333,24.6,77,53,5.59,AU,1680370990
214,ereymentau,51.6199,73.1033,-1.83,45,0,6.07,KZ,1680370991
215,kerouane,9.2667,-9.0167,32.6,25,63,1.84,GN,1680370991
216,mayahi,13.9553,7.6712,29.27,10,23,4.8,NE,1680370991
217,ulladulla,-35.35,150.4667,14.32,89,88,3.6,AU,1680370992
218,huanan,46.2167,130.5167,9.01,49,100,2.12,CN,1680370992
219,pangkalanbuun,-2.6833,111.6167,22.96,98,97,1.0,ID,1680370993
220,raichur,16.2,77.3667,30.08,20,79,4.0,IN,1680370993
221,saint-philippe,-21.3585,55.7679,26.77,83,55,4.86,RE,1680370993
222,gallup,35.5281,-108.7426,8.91,33,0,0.89,US,1680370993
223,kudymkar,59.0173,54.656,1.93,89,82,4.31,RU,1680370994
224,simplicio mendes,-7.8539,-41.9103,32.97,32,90,3.21,BR,1680370994
225,abu dhabi,24.4667,54.3667,23.06,81,20,5.14,AE,1680370785
226,miles city,46.4083,-105.8406,8.54,49,75,3.6,US,1680370996
227,dingle,10.9995,122.6711,24.53,87,73,2.47,PH,1680370970
228,artvin,41.1667,41.8333,2.26,59,7,1.53,TR,1680370997
229,lebu,-37.6167,-73.65,14.65,82,57,5.66,CL,1680370997
230,boguchany,58.3814,97.4531,-13.75,96,46,0.8,RU,1680370997
231,sao filipe,14.8961,-24.4956,26.36,62,0,2.77,CV,1680370998
232,isangel,-19.55,169.2667,25.5,86,9,1.87,VU,1680370999
233,brownsville,25.9018,-97.4975,28.94,72,100,4.63,US,1680370999
234,talcahuano,-36.7167,-73.1167,21.82,49,0,6.69,CL,1680370999
235,badami,15.915,75.6768,26.96,41,64,5.17,IN,1680371001
236,leningradskiy,69.3833,178.4167,-14.14,93,100,12.25,RU,1680371001
237,victor harbor,-35.5667,138.6167,9.27,72,69,2.82,AU,1680371001
238,torbay,47.6666,-52.7314,5.98,52,75,8.23,CA,1680371001
239,eureka,40.8021,-124.1637,11.78,92,100,1.34,US,1680370866
240,saint-joseph,-21.3667,55.6167,26.21,92,62,0.67,RE,1680371002
241,meulaboh,4.1363,96.1285,25.09,86,85,1.66,ID,1680371002
242,oshkosh,44.0247,-88.5426,0.04,77,100,9.26,US,1680370731
243,jaragua,-15.7569,-49.3344,29.43,53,18,1.49,BR,1680371002
244,darnetal,49.4453,1.1514,11.18,85,100,5.14,FR,1680371003
245,kaduqli,11.0167,29.7167,28.55,9,98,3.63,SD,1680371003
246,rincon,32.296,-81.2354,28.84,51,75,7.2,US,1680370866
247,rio grande,-32.035,-52.0986,24.06,43,18,5.72,BR,1680371004
248,muhoroni,-0.1541,35.1988,18.58,96,79,0.11,KE,1680371005
249,carballo,43.213,-8.691,15.01,75,66,2.52,ES,1680371005
250,tabuk,17.4189,121.4443,22.47,95,6,1.64,PH,1680371005
251,bengkulu,-3.8004,102.2655,23.66,90,100,1.89,ID,1680371005
252,yerbogachen,61.2767,108.0108,-27.02,100,25,1.65,RU,1680371007
253,susanville,40.4163,-120.653,6.91,64,100,5.81,US,1680371007
254,tautira,-17.7333,-149.15,27.49,77,8,4.59,PF,1680371008
255,koslan,63.4564,48.8989,-4.04,96,100,1.81,RU,1680371009
256,muzhi,65.3667,64.6667,2.02,94,100,7.32,RU,1680371009
257,pemba,-12.974,40.5178,26.39,83,75,2.57,MZ,1680371010
258,luderitz,-26.6481,15.1594,15.46,95,26,2.44,NA,1680371010
259,odweyne,9.4092,45.064,24.75,60,100,2.3,SO,1680371011
260,bambous virieux,-20.3428,57.7575,26.79,78,20,2.57,MU,1680370979
261,orlovo,51.754,39.5873,6.16,97,100,3.89,RU,1680371011
262,iberia,29.9502,-91.7507,28.87,61,40,3.6,US,1680371011
263,provideniya,64.3833,-173.3,-5.66,96,100,2.79,RU,1680371011
264,bahia blanca,-38.7196,-62.2724,21.01,32,100,6.26,AR,1680370801
265,estelle,29.8458,-90.1067,30.56,70,75,4.63,US,1680371012
266,marsa matruh,31.3525,27.2453,20.11,40,0,4.12,EG,1680371013
267,la ronge,55.1001,-105.2842,-3.86,68,100,6.69,CA,1680371013
268,tuy hoa,13.0833,109.3,22.54,91,33,1.54,VN,1680371014
269,edmundston,47.3737,-68.3251,1.13,90,100,7.72,CA,1680371014
270,riyadh,24.6877,46.7219,19.08,17,27,5.36,SA,1680370454
271,andenes,69.3143,16.1194,-0.01,59,100,7.2,NO,1680371015
272,rocha,-34.4833,-54.3333,21.37,43,53,5.19,UY,1680370874
273,namatanai,-3.6667,152.4333,25.86,81,100,2.22,PG,1680371015
274,aquiraz,-3.9014,-38.3911,29.05,72,86,2.77,BR,1680371015
275,claremont,34.0967,-117.7198,20.29,50,0,1.79,US,1680371015
276,ridgecrest,35.6225,-117.6709,16.12,30,0,1.34,US,1680371016
277,nara,34.6851,135.8049,13.05,30,96,1.88,JP,1680371016
278,ahuimanu,21.4447,-157.8378,24.0,82,75,1.34,US,1680371018
279,preeceville,51.95,-102.6677,-4.22,92,84,3.83,CA,1680371018
280,broome,42.2506,-75.833,21.68,37,0,5.66,US,1680371019
281,terney,45.0503,136.6092,0.55,63,0,1.02,RU,1680371019
282,sinnamary,5.3833,-52.95,26.2,77,29,7.21,GF,1680371019
283,lorengau,-2.0226,147.2712,26.49,80,98,1.8,PG,1680371019
284,dingzhou,38.5131,114.9956,16.06,56,54,1.01,CN,1680371020
285,lata,40.1629,-8.3327,15.6,94,98,2.79,PT,1680371020
286,hobyo,5.3505,48.5268,28.78,77,57,6.26,SO,1680371020
287,souillac,-20.5167,57.5167,26.21,78,20,2.57,MU,1680371020
288,shawnee,39.05,-95.7669,11.98,35,0,7.72,US,1680371021
289,nadym,65.5333,72.5167,1.2,98,100,9.46,RU,1680371021
290,codrington,-38.2667,141.9667,10.77,76,38,1.1,AU,1680371021
291,namibe,-15.1961,12.1522,24.4,82,85,4.02,AO,1680371021
292,puerto escondido,15.85,-97.0667,30.46,70,0,3.6,MX,1680371022
293,mwanza,-2.5167,32.9,23.03,68,20,0.0,TZ,1680371022
294,margate,51.3813,1.3862,10.5,86,100,2.68,GB,1680371022
295,geraldton,-28.7667,114.6,20.23,83,40,2.57,AU,1680371022
296,kalmunai,7.4167,81.8167,26.46,81,0,3.63,LK,1680371022
297,oro valley,32.3909,-110.9665,24.79,18,27,2.68,US,1680371022
298,saint-michel-des-saints,46.6834,-73.9159,0.35,100,100,2.28,CA,1680371023
299,eyl,7.9803,49.8164,27.65,72,43,4.86,SO,1680371023
300,bestobe,52.4994,73.0975,-1.06,45,0,5.33,KZ,1680371024
301,belmonte,-15.8631,-38.8828,29.99,57,3,3.51,BR,1680371024
302,jurado,7.1053,-77.7641,26.62,84,81,2.34,CO,1680371024
303,vila franca do campo,37.7167,-25.4333,19.23,73,98,5.22,PT,1680371025
304,hato mayor,18.7629,-69.256,29.59,47,30,6.61,DO,1680371025
305,novoagansk,61.9449,76.6625,0.4,82,100,7.95,RU,1680371025
306,lumby,50.2498,-118.969,6.33,77,100,0.51,CA,1680371025
307,port lincoln,-34.7333,135.8667,12.56,70,13,3.07,AU,1680371025
308,kaliua,-5.0606,31.7936,18.21,92,31,0.82,TZ,1680371025
309,polson,47.6936,-114.1632,5.4,73,100,1.79,US,1680371026
310,gat,31.61,34.7642,16.01,100,0,2.1,IL,1680371026
311,kahului,20.8947,-156.47,24.36,83,40,3.58,US,1680370924
312,mizdah,31.4451,12.9801,24.04,13,0,2.93,LY,1680371027
313,ostersund,63.1792,14.6357,0.25,47,11,3.6,SE,1680371027
314,pozo colorado,-23.4923,-58.7972,33.82,47,23,1.7,PY,1680371028
315,kutum,14.2,24.6667,23.05,11,32,4.87,SD,1680371028
316,hofn,64.2539,-15.2082,5.45,77,1,4.38,IS,1680371028
317,san vicente,-26.6167,-54.1333,28.07,32,29,2.49,AR,1680371029
318,bitung,1.4451,125.1824,23.47,86,98,4.12,ID,1680371029
319,roma,43.2128,-75.4557,20.46,42,0,8.23,US,1680370623
320,sandwick,60.0,-1.25,6.9,57,72,3.6,GB,1680371030
321,aschersleben,51.75,11.4667,10.81,98,100,5.17,DE,1680371030
322,wagga wagga,-35.1167,147.3667,10.47,78,35,1.91,AU,1680371030
323,san borja,-14.8167,-66.85,33.51,50,91,0.71,BO,1680371031
324,snezhnogorsk,69.1933,33.2531,-2.12,79,100,10.49,RU,1680371031
325,labuhan,-6.8844,112.2051,25.85,80,100,2.43,ID,1680371031
326,hamilton,39.1834,-84.5333,13.02,56,75,11.83,US,1680370762
327,sisimiut,66.9395,-53.6735,-9.35,63,4,3.47,GL,1680371032
328,narsaq,60.9167,-46.05,0.12,60,78,0.74,GL,1680371032
329,vao,-22.6667,167.4833,25.6,82,26,4.74,NC,1680371032
330,aguas vermelhas,-15.7472,-41.46,34.34,18,2,3.61,BR,1680371032
331,san patricio,28.017,-97.5169,31.04,61,99,3.98,US,1680371032
332,gizo,-8.103,156.8419,27.22,76,96,1.11,SB,1680371033
333,qui nhon,13.7667,109.2333,22.11,95,71,0.42,VN,1680371033
334,kota belud,6.351,116.4305,26.96,79,100,5.17,MY,1680371034
335,taguatinga,-12.3857,-46.5711,33.33,31,2,1.65,BR,1680371034
336,boende,-0.2167,20.8667,23.12,72,52,0.94,CD,1680371034
337,bubaque,11.2833,-15.8333,25.7,72,1,7.79,GW,1680371034
338,coihaique,-45.5752,-72.0662,15.34,54,75,4.63,CL,1680370973
339,dargaville,-35.9333,173.8833,16.62,98,100,0.82,NZ,1680371035
340,nchelenge,-9.3451,28.734,20.9,82,90,1.13,ZM,1680371035
341,lumut,4.2323,100.6298,24.01,94,40,1.54,MY,1680371035
342,ewo,-0.8725,14.8206,26.58,65,86,0.52,CG,1680371035
343,galesong,-5.3166,119.3661,24.01,81,100,3.45,ID,1680371035
344,mae sot,16.7167,98.5667,22.63,78,46,1.45,TH,1680371035
345,rio gallegos,-51.6226,-69.2181,12.03,40,20,12.35,AR,1680371035
346,homewood,33.4718,-86.8008,27.64,26,20,9.77,US,1680370750
347,oranjestad,12.524,-70.027,28.28,79,100,9.77,AW,1680371010
348,honningsvag,70.9821,25.9704,-2.14,69,100,9.26,NO,1680370937
349,plouzane,48.3833,-4.6167,10.18,87,100,8.75,FR,1680371035
350,puerto del rosario,28.5004,-13.8627,20.86,73,20,8.23,ES,1680371036
351,brae,60.3964,-1.353,6.46,72,95,4.39,GB,1680371036
352,umm lajj,25.0213,37.2685,21.43,53,1,4.95,SA,1680371036
353,nizhnyaya tavda,57.6731,66.1725,1.01,69,88,6.58,RU,1680371036
354,oussouye,12.485,-16.5469,37.1,73,28,5.89,SN,1680371036
355,iskateley,67.6803,53.1512,-13.77,98,80,2.64,RU,1680371037
356,lashio,22.9333,97.75,20.32,54,73,1.17,MM,1680371037
357,salisbury,51.0693,-1.7957,11.43,71,100,5.66,GB,1680371037
358,airai,-8.9266,125.4092,15.75,96,100,0.54,TL,1680371037
359,minas,-34.3759,-55.2377,22.28,37,34,4.58,UY,1680371038
360,bilibino,68.0546,166.4372,-28.24,100,100,1.05,RU,1680371038
361,iranshahr,27.2025,60.6848,28.19,18,11,5.14,IR,1680370934
362,ambilobe,-13.2,49.05,24.06,90,95,2.54,MG,1680370994
363,kununurra,-15.7667,128.7333,25.99,83,50,2.06,AU,1680371038
364,najran,17.4924,44.1277,27.36,32,64,1.46,SA,1680371039
365,arandas,20.7,-102.35,28.26,16,24,1.64,MX,1680371039
366,cootamundra,-34.65,148.0333,9.41,77,76,5.86,AU,1680371039
367,nuevo progreso,23.1667,-97.95,29.94,58,59,1.79,MX,1680371040
368,nisia floresta,-6.0911,-35.2086,31.45,60,99,4.3,BR,1680371040
369,ilulissat,69.2167,-51.1,-11.99,67,20,2.57,GL,1680371040
370,manaure,11.7751,-72.4445,25.69,80,74,9.74,CO,1680371041
371,shingu,33.7333,135.9833,11.86,72,99,1.81,JP,1680371041
372,sao miguel do araguaia,-13.275,-50.1628,30.66,56,7,1.64,BR,1680371042
373,morondava,-20.2833,44.2833,26.75,82,73,2.53,MG,1680371042
374,kudahuvadhoo,2.6708,72.8944,28.04,70,33,0.95,MV,1680371042
375,bougouni,11.417,-7.479,36.74,7,45,4.1,ML,1680371043
376,gboko,7.3179,8.9951,33.57,34,100,4.14,NG,1680371043
377,shadegan,30.6497,48.6647,15.97,26,0,5.27,IR,1680371044
378,bathsheba,13.2167,-59.5167,29.34,61,40,9.77,BB,1680371044
379,keuruu,62.2667,24.7,0.1,93,10,2.25,FI,1680371045
380,morros,-9.4467,-46.3003,31.79,36,79,0.7,BR,1680371045
381,sabha,27.0377,14.4283,21.97,11,0,1.78,LY,1680371046
382,arys,42.4252,68.795,9.26,27,11,7.04,KZ,1680371046
383,waingapu,-9.6567,120.2641,27.43,73,100,0.45,ID,1680371046
384,charleston,32.7766,-79.9309,27.23,68,0,10.29,US,1680370803
385,hirara,24.8,125.2833,20.92,83,100,6.69,JP,1680371047
386,mae sai,20.4335,99.8762,24.65,32,13,0.64,TH,1680371047
387,marang,5.2056,103.2059,26.95,97,77,0.75,MY,1680371047
388,lake havasu city,34.4839,-114.3224,21.24,27,0,3.6,US,1680371048
389,lodwar,3.1191,35.5973,32.04,39,61,3.2,KE,1680371048
390,kihei,20.785,-156.4656,24.36,84,40,2.06,US,1680371049
391,aden,12.7794,45.0367,29.28,69,25,3.35,YE,1680371049
392,tapiramuta,-11.8472,-40.7914,29.12,38,7,2.37,BR,1680371049
393,villazon,-22.0866,-65.5942,17.26,31,2,3.95,BO,1680371050
394,marquette,46.5333,-87.6335,-1.48,79,99,7.36,US,1680371050
395,ixtapa,20.7,-105.2,26.57,36,75,2.57,MX,1680371050
396,nayoro,44.3506,142.4578,-1.14,96,69,1.85,JP,1680371051
397,sept-iles,50.2001,-66.3821,1.24,90,100,9.26,CA,1680371051
398,kristiansund,63.1115,7.732,6.03,38,39,3.6,NO,1680371052
399,vicosa do ceara,-3.5622,-41.0922,23.43,87,94,1.67,BR,1680371052
400,goderich,43.7501,-81.7165,5.18,81,71,4.63,CA,1680371053
401,stende,57.15,22.5333,1.3,73,100,5.59,LV,1680371054
402,nioro,13.35,-15.75,39.99,7,2,3.86,GM,1680371054
403,san rafael del sur,11.8485,-86.4384,32.54,33,98,7.6,NI,1680371054
404,sinazongwe,-17.2614,27.4618,23.2,69,81,2.19,ZM,1680371054
405,jutai,-5.1833,-68.9,26.7,85,95,1.92,BR,1680371055
406,pasni,25.2631,63.471,24.39,79,0,4.25,PK,1680371055
407,esna,25.2934,32.554,23.01,17,0,7.0,EG,1680371055
408,tiznit,29.5833,-9.5,24.32,29,0,2.27,MA,1680371055
409,olafsvik,64.8945,-23.7142,4.29,81,91,9.59,IS,1680371056
410,harper,4.375,-7.7169,28.2,74,69,2.26,LR,1680371056
411,luau,-10.7073,22.2247,18.47,95,93,1.64,AO,1680371057
412,ringas,27.35,75.5667,22.14,46,22,2.54,IN,1680371057
413,karratha,-20.7377,116.8463,28.31,70,24,2.83,AU,1680371057
414,touros,-5.1989,-35.4608,28.14,73,100,7.99,BR,1680370773
415,artyshta,54.1222,86.2909,-14.25,96,39,1.21,RU,1680371058
416,navlya,52.8281,34.4989,9.08,85,81,4.06,RU,1680371059
417,sola,-13.8833,167.55,28.09,72,55,3.91,VU,1680371059
418,kiama,-34.6833,150.8667,16.67,92,88,0.89,AU,1680371059
419,sistranda,63.7256,8.834,2.98,67,58,9.21,NO,1680371060
420,yuzhno-kurilsk,44.0306,145.8556,-0.35,90,43,5.84,RU,1680371060
421,haines junction,60.7522,-137.5108,-4.03,68,100,5.14,CA,1680371061
422,naples,40.8333,14.25,15.34,84,75,3.13,IT,1680370772
423,ucluelet,48.9329,-125.5528,5.61,91,89,0.89,CA,1680371062
424,meadow lake,34.8014,-106.5436,14.82,22,83,1.95,US,1680371063
425,caravelas,-17.7125,-39.2481,30.07,57,0,4.78,BR,1680371063
426,barrington,41.7407,-71.3087,14.99,92,100,9.26,US,1680371064
427,waling,27.9833,83.7667,14.42,78,60,1.47,NP,1680371064
428,port macquarie,-31.4333,152.9167,14.0,96,11,1.53,AU,1680371064
429,palmeira das missoes,-27.8994,-53.3136,23.56,21,0,4.29,BR,1680371064
430,north bend,43.4065,-124.2243,10.51,81,75,4.12,US,1680370983
431,hovd,48.0056,91.6419,-12.0,34,100,4.41,MN,1680371065
432,baruun-urt,46.6806,113.2792,-0.68,38,100,9.72,MN,1680371065
433,mannarakkat,10.9833,76.4667,26.6,80,82,0.86,IN,1680371066
434,kruisfontein,-34.0033,24.7314,16.38,62,1,3.44,ZA,1680371066
435,port blair,11.6667,92.75,27.02,78,40,1.03,IN,1680371067
436,dzyhivka,48.359,28.3158,10.76,76,100,5.07,UA,1680371067
437,katangli,51.7102,143.2326,-2.64,99,84,1.58,RU,1680371067
438,vilyuysk,63.7553,121.6247,-23.9,99,21,2.39,RU,1680371068
439,tomatlan,19.9333,-105.25,31.79,31,80,4.14,MX,1680371068
440,taoudenni,22.6783,-3.9836,33.57,5,0,4.24,ML,1680371068
441,teruel,40.6667,-0.6667,6.95,64,20,12.24,ES,1680370895
442,diedorf,48.35,10.7667,9.62,77,40,6.69,DE,1680371069
443,skjervoy,70.0311,20.9714,-2.0,61,100,7.11,NO,1680371069
444,dwarka,22.2394,68.9678,24.84,78,8,5.91,IN,1680371069
445,mataram,-8.5833,116.1167,25.45,89,100,0.97,ID,1680371070
446,flinders,-34.5833,150.8552,16.21,88,64,2.24,AU,1680371070
447,san quintin,30.4833,-115.95,15.48,69,0,7.16,MX,1680371070
448,taft,31.7471,54.2088,15.97,10,0,6.17,IR,1680371070
449,asenovgrad,42.0167,24.8667,12.84,82,75,3.6,BG,1680371071
450,griffith,41.5284,-87.4237,5.96,81,100,6.17,US,1680371071
451,teacapan,22.55,-105.75,31.99,26,98,3.0,MX,1680371071
452,birin,26.8865,88.0718,10.78,88,88,1.29,NP,1680371071
453,sorland,67.667,12.6934,1.92,60,78,7.13,NO,1680371072
454,vestmannaeyjar,63.4427,-20.2734,6.55,70,75,9.26,IS,1680371072
455,pevek,69.7008,170.3133,-22.62,98,100,6.91,RU,1680371072
456,guerrero negro,27.9769,-114.0611,15.6,72,1,6.24,MX,1680370807
457,punta cardon,11.6581,-70.215,28.86,57,30,13.46,VE,1680371073
458,berlevag,70.8578,29.0864,-2.03,64,100,11.32,NO,1680371076
459,turukhansk,65.8167,87.9833,-7.44,94,100,11.32,RU,1680371076
460,klaksvik,62.2266,-6.589,7.51,88,98,9.3,FO,1680371076
461,velasco ibarra,-1.05,-79.6167,29.01,70,96,0.77,EC,1680371077
462,erechim,-27.6342,-52.2739,22.78,26,30,3.32,BR,1680371077
463,kendal,54.3268,-2.7476,9.77,82,100,3.04,GB,1680371024
464,ilebo,-4.3167,20.5833,23.85,86,97,1.03,CD,1680371077
465,tecolutla,20.4833,-97.0167,27.92,61,92,1.61,MX,1680371077
466,salinas,36.6777,-121.6555,14.9,63,0,0.0,US,1680370989
467,tha chang,9.2642,99.1922,25.58,80,28,0.88,TH,1680371078
468,aswan,24.0934,32.907,25.61,15,0,2.57,EG,1680371079
469,gasa,31.5,34.4667,13.27,65,0,2.38,PS,1680371083
470,jadu,31.953,12.0261,23.28,14,0,2.21,LY,1680371083
471,port townsend,48.117,-122.7605,8.05,79,100,2.06,US,1680371083
472,vaitape,-16.5167,-151.75,27.83,72,24,2.14,PF,1680371084
473,benghazi,32.1167,20.0667,19.08,54,7,5.04,LY,1680370959
474,shimoda,34.6667,138.95,12.84,88,100,3.04,JP,1680371084
475,kabo,7.6994,18.629,33.43,25,96,1.61,CF,1680371084
476,kastamonu,41.5,33.6667,11.01,75,94,1.74,TR,1680371084
477,camana,-16.6228,-72.7111,25.36,74,79,2.95,PE,1680371085
478,sur,22.5667,59.5289,27.42,56,32,4.07,OM,1680370719
479,muros,42.7762,-9.0603,15.61,57,15,6.28,ES,1680371085
480,saint-georges,12.0564,-61.7485,30.82,58,75,9.26,GD,1680371056
481,bulgan,48.8125,103.5347,-13.41,82,100,7.75,MN,1680371085
482,glebychevo,60.4387,28.7183,-1.12,90,98,4.62,RU,1680371086
483,ugoofaaru,5.6667,73.0,28.06,70,39,3.75,MV,1680371087
484,villamontes,-21.25,-63.5,28.69,65,40,2.57,BO,1680371087
485,guiyang,26.5833,106.7167,18.27,77,100,4.0,CN,1680371087
486,kasongo,-4.45,26.6667,21.45,88,74,1.5,CD,1680371087
487,alofi,-19.0595,-169.9187,24.94,94,33,4.12,NU,1680371087
488,acajutla,13.5928,-89.8275,31.57,44,2,6.49,SV,1680371087
489,tambun,-6.2641,107.0712,25.58,89,99,0.25,ID,1680371087
490,benito juarez,19.385,-99.165,25.0,31,0,2.06,MX,1680371088
491,rockport,28.0206,-97.0544,31.13,100,0,4.12,US,1680371012
492,zalantun,48.0,122.7167,11.27,58,99,2.17,CN,1680371088
493,mwense,-10.3845,28.698,18.93,97,100,1.03,ZM,1680371088
494,port augusta,-32.5,137.7667,12.24,50,0,3.36,AU,1680371088
495,mpanda,-6.3655,31.0409,18.45,96,80,0.24,TZ,1680371088
496,bandarbeyla,9.4942,50.8122,27.52,71,56,4.52,SO,1680371089
497,lavrentiya,65.5833,-171.0,-7.75,96,100,1.99,RU,1680370970
498,darhan,49.4867,105.9228,-9.02,68,100,9.71,MN,1680371089
499,bhag,29.0415,67.8239,27.25,39,44,1.64,PK,1680371089
500,nuuk,64.1835,-51.7216,-2.66,50,40,6.17,GL,1680371089
501,shahrud,36.4182,54.9763,3.55,67,52,4.57,IR,1680371089
502,cedar mill,45.5248,-122.8109,7.53,85,75,6.17,US,1680371089
503,batemans bay,-35.7167,150.1833,14.5,96,73,1.37,AU,1680371090
504,yelizovo,53.1873,158.3805,-3.92,73,0,2.0,RU,1680371090
505,gazojak,41.1875,61.4036,19.56,23,100,6.27,TM,1680371090
506,udala,43.0778,-2.5125,8.79,88,70,4.98,ES,1680371090
507,watertown,42.3709,-71.1828,17.18,94,100,2.06,US,1680370570
508,hasaki,35.7333,140.8333,13.45,55,50,3.62,JP,1680370991
509,fatehabad,29.5167,75.45,18.57,80,23,4.69,IN,1680371091
510,sweetwater,25.7634,-80.3731,31.12,69,75,6.17,US,1680371091
511,adrar,20.5022,-10.0711,33.41,5,0,4.1,MR,1680371091
512,kon tum,14.35,108.0,20.67,95,87,1.06,VN,1680370852
513,fuerte,17.5381,120.3644,26.81,78,3,1.91,PH,1680371091
514,mareeba,-17.0,145.4333,22.47,91,66,0.49,AU,1680370542
515,dali,25.7,100.1833,11.35,81,64,2.61,CN,1680371093
516,olawa,50.9466,17.2926,9.94,95,100,1.78,PL,1680371093
517,broken hill,-31.95,141.4333,11.98,47,0,4.07,AU,1680371094
518,tall kayf,37.0833,41.0667,8.19,57,42,0.74,TR,1680371094
519,barra patuca,15.8,-84.2833,26.5,75,49,9.28,HN,1680371094
520,komsomolskiy,40.4272,71.7189,17.4,45,86,3.09,UZ,1680371094
521,chake chake,-5.2459,39.7666,27.68,75,41,4.67,TZ,1680371094
522,marrakesh,31.6315,-8.0083,31.04,19,0,4.12,MA,1680371094
523,nakamura,32.9833,132.9333,13.01,83,100,2.11,JP,1680371095
524,kungurtug,50.5994,97.5228,-14.81,88,100,0.97,RU,1680371095
525,okakarara,-20.5833,17.4333,24.68,38,79,2.67,NA,1680371095
526,abu zabad,12.35,29.25,26.24,10,100,4.95,SD,1680371095
527,la solana,38.9442,-3.2381,19.11,45,42,9.37,ES,1680370862
528,hangu,39.2489,117.7892,12.02,56,17,3.94,CN,1680371095
529,cockburn town,21.4612,-71.1419,26.98,74,20,6.69,TC,1680371095
530,mitu,1.1983,-70.1733,24.74,85,100,1.94,CO,1680371095
531,arlit,18.7369,7.3853,28.49,6,0,5.36,NE,1680371096
532,manakara,-22.1333,48.0167,24.77,82,88,1.62,MG,1680371096
533,doka,13.5167,35.7667,31.41,11,100,6.62,SD,1680371086
534,champoton,19.35,-90.7167,32.76,44,75,1.53,MX,1680371096
535,cervo,43.6702,-7.4101,13.87,67,12,6.84,ES,1680371096
536,mrakovo,52.7161,56.6244,3.34,74,93,3.32,RU,1680371096
537,valparaiso,-33.0393,-71.6273,20.8,48,0,4.63,CL,1680370437
538,muravlenko,63.7898,74.523,1.03,86,100,11.71,RU,1680371096
539,bratsk,56.1325,101.6142,-13.73,97,85,1.55,RU,1680371097
540,leiyang,26.4024,112.8591,19.99,88,2,2.23,CN,1680371097
541,trinidad,-14.8333,-64.9,32.99,58,40,2.57,BO,1680371097
542,stavern,59.0,10.0333,4.54,48,7,4.76,NO,1680371097
543,posadas,-27.3671,-55.8961,25.99,56,0,4.12,AR,1680370899
544,amudat,1.95,34.95,23.69,59,80,2.15,UG,1680371098
545,lokosovo,61.1333,74.8167,0.76,74,100,7.75,RU,1680371098
546,bali,-8.5,115.0,26.54,88,100,1.66,ID,1680371098
547,nakatsu,33.5981,131.1883,12.94,81,100,2.0,JP,1680371098
548,mackay,-21.15,149.2,24.82,87,78,2.63,AU,1680371099
